"Country Name","Country Code","Indicator Name","Indicator Code","1960","1961","1962","1963","1964","1965","1966","1967","1968","1969","1970","1971","1972","1973","1974","1975","1976","1977","1978","1979","1980","1981","1982","1983","1984","1985","1986","1987","1988","1989","1990","1991","1992","1993","1994","1995","1996","1997","1998","1999","2000","2001","2002","2003","2004","2005","2006","2007","2008","2009","2010","2011","2012","2013","2014","2015","2016","2017","2018","2019","2020","2021","2022","2023",
"Aruba","ABW","Poverty headcount ratio at $2.15 a day (2017 PPP) (% of population)","SI.POV.DDAY","","","","","","","","","","","","","","","","","","","","","","","","","","","","","","","","","","","","","","","","","","","","","","","","","","","","","","","","","","","","","","","","",
"Africa Eastern and Southern","AFE","Poverty headcount ratio at $2.15 a day (2017 PPP) (% of population)","SI.POV.DDAY","","","","","","","","","","","","","","","","","","","","","","","","","","","","","","","","","","","","","","","","","","","","","","","","","","","","","","","","","","","","","","","","",
"Afghanistan","AFG","Poverty headcount ratio at $2.15 a day (2017 PPP) (% of population)","SI.POV.DDAY","","","","","","","","","","","","","","","","","","","","","","","","","","","","","","","","","","","","","","","","","","","","","","","","","","","","","","","","","","","","","","","","",
"Africa Western and Central","AFW","Poverty headcount ratio at $2.15 a day (2017 PPP) (% of population)","SI.POV.DDAY","","","","","","","","","","","","","","","","","","","","","","","","","","","","","","","","","","","","","","","","","","","","","","","","","","","","","","","","","","","","","","","","",
"Angola","AGO","Poverty headcount ratio at $2.15 a day (2017 PPP) (% of population)","SI.POV.DDAY","","","","","","","","","","","","","","","","","","","","","","","","","","","","","","","","","","","","","","","","","21.4","","","","","","","","14.6","","","","","","","","","","31.1","","","","","",
"Albania","ALB","Poverty headcount ratio at $2.15 a day (2017 PPP) (% of population)","SI.POV.DDAY","","","","","","","","","","","","","","","","","","","","","","","","","","","","","","","","","","","","","0.5","","","","","","1.1","","","0.6","","","0.2","","","","0.6","","1","0.1","0.1","0.4","0","0","0","","","",
"Andorra","AND","Poverty headcount ratio at $2.15 a day (2017 PPP) (% of population)","SI.POV.DDAY","","","","","","","","","","","","","","","","","","","","","","","","","","","","","","","","","","","","","","","","","","","","","","","","","","","","","","","","","","","","","","","","",
"Arab World","ARB","Poverty headcount ratio at $2.15 a day (2017 PPP) (% of population)","SI.POV.DDAY","","","","","","","","","","","","","","","","","","","","","","","","","","","","","","","","","","","","","","","","","","","","","","","","","","","","","","","","","","","","","","","","",
"United Arab Emirates","ARE","Poverty headcount ratio at $2.15 a day (2017 PPP) (% of population)","SI.POV.DDAY","","","","","","","","","","","","","","","","","","","","","","","","","","","","","","","","","","","","","","","","","","","","","","","","","","","","","","0","","","","","0","","","","","",
"Argentina","ARG","Poverty headcount ratio at $2.15 a day (2017 PPP) (% of population)","SI.POV.DDAY","","","","","","","","","","","","","","","","","","","","","0","","","","","","1.1","1.2","","","","1","1.7","2","1.9","3.9","4.2","3.8","4","4.2","5","8.2","12.4","5.4","3.9","2.7","2.2","1.8","1.6","1.6","0.7","0.7","0.6","0.7","0.6","","0.7","0.6","1","1.1","1.2","0.9","0.6","",
"Armenia","ARM","Poverty headcount ratio at $2.15 a day (2017 PPP) (% of population)","SI.POV.DDAY","","","","","","","","","","","","","","","","","","","","","","","","","","","","","","","","","","","","","","","","11.9","","14","10","7.5","5.3","2.6","2","1.5","0.9","1.2","1","1.2","0.8","1.7","1.4","1.1","1.1","0.8","1.3","1","0.4","0.5","0.8","",
"American Samoa","ASM","Poverty headcount ratio at $2.15 a day (2017 PPP) (% of population)","SI.POV.DDAY","","","","","","","","","","","","","","","","","","","","","","","","","","","","","","","","","","","","","","","","","","","","","","","","","","","","","","","","","","","","","","","","",
"Antigua and Barbuda","ATG","Poverty headcount ratio at $2.15 a day (2017 PPP) (% of population)","SI.POV.DDAY","","","","","","","","","","","","","","","","","","","","","","","","","","","","","","","","","","","","","","","","","","","","","","","","","","","","","","","","","","","","","","","","",
"Australia","AUS","Poverty headcount ratio at $2.15 a day (2017 PPP) (% of population)","SI.POV.DDAY","","","","","","","","","","","","","","","","","","","","","","1","","","","1","","","","0.7","","","","","","0.7","","","","","","0.7","","1","0.7","","","","0.4","","0.3","","","","0.5","","0.5","","0.5","","","","","",
"Austria","AUT","Poverty headcount ratio at $2.15 a day (2017 PPP) (% of population)","SI.POV.DDAY","","","","","","","","","","","","","","","","","","","","","","","","","","","","","","","","","","","0.2","0","0","0.2","0.2","0.2","0","","","0.3","0.1","0.2","0.1","0.4","0.5","0.7","0.5","0.4","0.6","0.3","0.2","0.7","0.7","0.3","0.6","0.6","0.7","0.5","","",
"Azerbaijan","AZE","Poverty headcount ratio at $2.15 a day (2017 PPP) (% of population)","SI.POV.DDAY","","","","","","","","","","","","","","","","","","","","","","","","","","","","","","","","","","","","12.4","","","","","","6.2","0.1","0.1","0","0","","","","","","","","","","","","","","","","","","",
"Burundi","BDI","Poverty headcount ratio at $2.15 a day (2017 PPP) (% of population)","SI.POV.DDAY","","","","","","","","","","","","","","","","","","","","","","","","","","","","","","","","","75.1","","","","","","79.4","","","","","","","","71.8","","","","","","","65.1","","","","","","","62.1","","","",
"Belgium","BEL","Poverty headcount ratio at $2.15 a day (2017 PPP) (% of population)","SI.POV.DDAY","","","","","","","","","","","","","","","","","","","","","","","","","","0.2","","","0.5","","","","1","","","0.4","","0.5","","","0.3","","","0.3","0.1","0.2","0.2","0.2","0.1","0.1","0.1","0.2","0.2","0.1","0.1","0.1","0.1","0.1","0.1","0.1","0.1","0","","",
"Benin","BEN","Poverty headcount ratio at $2.15 a day (2017 PPP) (% of population)","SI.POV.DDAY","","","","","","","","","","","","","","","","","","","","","","","","","","","","","","","","","","","","","","","","","","","","53.1","","","","","","","","54.3","","","","50.7","","","20.1","","","12.7","","",
"Burkina Faso","BFA","Poverty headcount ratio at $2.15 a day (2017 PPP) (% of population)","SI.POV.DDAY","","","","","","","","","","","","","","","","","","","","","","","","","","","","","","","","","","","82.1","","","","79.9","","","","","54.7","","","","","","52.6","","","","","39.6","","","","31.2","","","25.3","","",
"Bangladesh","BGD","Poverty headcount ratio at $2.15 a day (2017 PPP) (% of population)","SI.POV.DDAY","","","","","","","","","","","","","","","","","","","","","","","","37.3","","32","","","41.7","","","41.9","","","","33.7","","","","","33.3","","","","","24","","","","","18.2","","","","","","13.5","","","","","","5","",
"Bulgaria","BGR","Poverty headcount ratio at $2.15 a day (2017 PPP) (% of population)","SI.POV.DDAY","","","","","","","","","","","","","","","","","","","","","","","","","","","","","","","","","","","","","","","","","","","","","","","5.8","1.8","1.3","1.3","2","2.5","2.3","1.8","1.7","3.4","2","1.4","0.9","0.9","0.2","0.7","","",
"Bahrain","BHR","Poverty headcount ratio at $2.15 a day (2017 PPP) (% of population)","SI.POV.DDAY","","","","","","","","","","","","","","","","","","","","","","","","","","","","","","","","","","","","","","","","","","","","","","","","","","","","","","","","","","","","","","","","",
"Bahamas, The","BHS","Poverty headcount ratio at $2.15 a day (2017 PPP) (% of population)","SI.POV.DDAY","","","","","","","","","","","","","","","","","","","","","","","","","","","","","","","","","","","","","","","","","","","","","","","","","","","","","","","","","","","","","","","","",
"Bosnia and Herzegovina","BIH","Poverty headcount ratio at $2.15 a day (2017 PPP) (% of population)","SI.POV.DDAY","","","","","","","","","","","","","","","","","","","","","","","","","","","","","","","","","","","","","","","","","","0.3","","","0.2","","","0.1","","","","0.1","","","","","","","","","","","","",
"Belarus","BLR","Poverty headcount ratio at $2.15 a day (2017 PPP) (% of population)","SI.POV.DDAY","","","","","","","","","","","","","","","","","","","","","","","","","","","","","","","","","","","","","","","21.8","19.2","13.6","6.6","4.4","3.5","1.3","0.9","0.4","0.2","0.2","0.1","0","0","0","0","0","0","0","0","0","0","0","","","",
"Belize","BLZ","Poverty headcount ratio at $2.15 a day (2017 PPP) (% of population)","SI.POV.DDAY","","","","","","","","","","","","","","","","","","","","","","","","","","","","","","","","","","13.5","14.8","","18.2","20.9","20.7","19.6","","","","","","","","","","","","","","","","","","","","","","","","",
"Bermuda","BMU","Poverty headcount ratio at $2.15 a day (2017 PPP) (% of population)","SI.POV.DDAY","","","","","","","","","","","","","","","","","","","","","","","","","","","","","","","","","","","","","","","","","","","","","","","","","","","","","","","","","","","","","","","","",
"Bolivia","BOL","Poverty headcount ratio at $2.15 a day (2017 PPP) (% of population)","SI.POV.DDAY","","","","","","","","","","","","","","","","","","","","","","","","","","","","","","","1.1","","8.7","","","","","15.5","","21.9","24.2","19","19.7","","10.2","15.6","12.5","9.5","8.3","8.8","","5.3","6.5","5.2","4.3","4.6","5.6","4.9","3.3","1.9","3.1","2","","",
"Brazil","BRA","Poverty headcount ratio at $2.15 a day (2017 PPP) (% of population)","SI.POV.DDAY","","","","","","","","","","","","","","","","","","","","","","23.9","24.4","30.6","29.9","25.8","12.3","19.9","22.4","20.4","24","","23.3","22.1","","14.7","16","16","14.3","15","","13","11.7","12.6","11.1","10","8.3","7.9","6.5","6.1","","5.3","4.5","3.7","3.3","3.9","4.7","5.3","5.3","5.4","2","5.8","3.5","",
"Barbados","BRB","Poverty headcount ratio at $2.15 a day (2017 PPP) (% of population)","SI.POV.DDAY","","","","","","","","","","","","","","","","","","","","","","","","","","","","","","","","","","","","","","","","","","","","","","","","","","","","","","","","","","","","","","","","",
"Brunei Darussalam","BRN","Poverty headcount ratio at $2.15 a day (2017 PPP) (% of population)","SI.POV.DDAY","","","","","","","","","","","","","","","","","","","","","","","","","","","","","","","","","","","","","","","","","","","","","","","","","","","","","","","","","","","","","","","","",
"Bhutan","BTN","Poverty headcount ratio at $2.15 a day (2017 PPP) (% of population)","SI.POV.DDAY","","","","","","","","","","","","","","","","","","","","","","","","","","","","","","","","","","","","","","","","","","","","13.4","","","","5.9","","","","","1.7","","","","","0.9","","","","","0","",
"Botswana","BWA","Poverty headcount ratio at $2.15 a day (2017 PPP) (% of population)","SI.POV.DDAY","","","","","","","","","","","","","","","","","","","","","","","","","","41.8","","","","","","","","34.1","","","","","","","","","29.1","","","","","","","17.7","","","","","","15.4","","","","","","","","",
"Central African Republic","CAF","Poverty headcount ratio at $2.15 a day (2017 PPP) (% of population)","SI.POV.DDAY","","","","","","","","","","","","","","","","","","","","","","","","","","","","","","","","","82.2","","","","","","","","","","","","","","","","61.9","","","","","","","","","","","","","65.7","","",
"Canada","CAN","Poverty headcount ratio at $2.15 a day (2017 PPP) (% of population)","SI.POV.DDAY","","","","","","","","","","","","2.2","","1.7","","1.5","","1.2","","1.2","","0.7","0.7","","0.7","0.5","1","0.5","0.7","1.2","1.2","1.2","0.7","1.2","1","0.7","0.2","0.2","0.5","0.5","0.2","0.2","0.2","0.2","0.2","0.2","0.2","0.2","0.2","0.2","0.2","0.2","0.2","0.5","0.2","0.2","0.2","0.2","0.2","0.2","","","","",
"Central Europe and the Baltics","CEB","Poverty headcount ratio at $2.15 a day (2017 PPP) (% of population)","SI.POV.DDAY","","","","","","","","","","","","","","","","","","","","","","","","","","","","","","","","","","","","","","","","","","","","","","","","","","","","","","","","","","","","","","","","",
"Switzerland","CHE","Poverty headcount ratio at $2.15 a day (2017 PPP) (% of population)","SI.POV.DDAY","","","","","","","","","","","","","","","","","","","","","","","0.7","","","","","","","","","","0.5","","","","","","","","0","","0","","0","","0","0","0.1","0","0","0","0","0","0","0","0","0","0","0","0","","","",
"Channel Islands","CHI","Poverty headcount ratio at $2.15 a day (2017 PPP) (% of population)","SI.POV.DDAY","","","","","","","","","","","","","","","","","","","","","","","","","","","","","","","","","","","","","","","","","","","","","","","","","","","","","","","","","","","","","","","","",
"Chile","CHL","Poverty headcount ratio at $2.15 a day (2017 PPP) (% of population)","SI.POV.DDAY","","","","","","","","","","","","","","","","","","","","","","","","","","","","15.4","","","10.7","","6.7","","6.8","","4.7","","4.6","","5.8","","","5.3","","","2","","","1.7","","0.9","","0.5","","0.4","","0.4","","","1.3","","0.4","",
"China","CHN","Poverty headcount ratio at $2.15 a day (2017 PPP) (% of population)","SI.POV.DDAY","","","","","","","","","","","","","","","","","","","","","","","","","","","","","","","72","","","65.6","","","48.2","","","46.1","","","36.9","","","22.3","","","17.3","","13.4","10","8.3","2.7","1.7","0.6","0.1","0","0","0","0","0","","",
"Cote d'Ivoire","CIV","Poverty headcount ratio at $2.15 a day (2017 PPP) (% of population)","SI.POV.DDAY","","","","","","","","","","","","","","","","","","","","","","","","","","8.2","4.4","9.4","13.4","","","","27.1","","","25.9","","","30.4","","","","29.1","","","","","","34.4","","","","","","","33.4","","","11.5","","","9.7","","",
"Cameroon","CMR","Poverty headcount ratio at $2.15 a day (2017 PPP) (% of population)","SI.POV.DDAY","","","","","","","","","","","","","","","","","","","","","","","","","","","","","","","","","","","","","50.4","","","","","25.7","","","","","","31.4","","","","","","","25.7","","","","","","","23","","",
"Congo, Dem. Rep.","COD","Poverty headcount ratio at $2.15 a day (2017 PPP) (% of population)","SI.POV.DDAY","","","","","","","","","","","","","","","","","","","","","","","","","","","","","","","","","","","","","","","","","","","","","91.5","","","","","","","","69.7","","","","","","","","78.9","","","",
"Congo, Rep.","COG","Poverty headcount ratio at $2.15 a day (2017 PPP) (% of population)","SI.POV.DDAY","","","","","","","","","","","","","","","","","","","","","","","","","","","","","","","","","","","","","","","","","","","","","","49.6","","","","","","35.4","","","","","","","","","","","","",
"Colombia","COL","Poverty headcount ratio at $2.15 a day (2017 PPP) (% of population)","SI.POV.DDAY","","","","","","","","","","","","","","","","","","","","","20.9","","","","","","","","14.6","14","","12.8","9.6","","","","17.6","","","21.4","17.5","21","14.2","13","12","10.7","","","11","9.6","8.3","6.8","6.7","6.1","5.4","4.9","4.9","4.3","4.5","5.3","9.4","7.3","6","",
"Comoros","COM","Poverty headcount ratio at $2.15 a day (2017 PPP) (% of population)","SI.POV.DDAY","","","","","","","","","","","","","","","","","","","","","","","","","","","","","","","","","","","","","","","","","","","","","14.6","","","","","","","","","","18.6","","","","","","","","","",
"Cabo Verde","CPV","Poverty headcount ratio at $2.15 a day (2017 PPP) (% of population)","SI.POV.DDAY","","","","","","","","","","","","","","","","","","","","","","","","","","","","","","","","","","","","","","","","","","19.6","","","","","","10.6","","","","","","","","4.6","","","","","","","","",
"Costa Rica","CRI","Poverty headcount ratio at $2.15 a day (2017 PPP) (% of population)","SI.POV.DDAY","","","","","","","","","","","","","","","","","","","","","","25.9","","","","","13.9","","","10.6","10.4","12.4","9.9","8.5","7","7.1","8.2","6.7","5.2","6.8","6.9","5.1","4.7","4.7","4.7","3.3","3.3","1.8","2.4","2.5","1.5","1.8","1.7","1.6","1.5","1.6","1.3","1.2","1.5","1.1","2.3","1.2","0.9","0.9",
"Caribbean small states","CSS","Poverty headcount ratio at $2.15 a day (2017 PPP) (% of population)","SI.POV.DDAY","","","","","","","","","","","","","","","","","","","","","","","","","","","","","","","","","","","","","","","","","","","","","","","","","","","","","","","","","","","","","","","","",
"Cuba","CUB","Poverty headcount ratio at $2.15 a day (2017 PPP) (% of population)","SI.POV.DDAY","","","","","","","","","","","","","","","","","","","","","","","","","","","","","","","","","","","","","","","","","","","","","","","","","","","","","","","","","","","","","","","","",
"Curacao","CUW","Poverty headcount ratio at $2.15 a day (2017 PPP) (% of population)","SI.POV.DDAY","","","","","","","","","","","","","","","","","","","","","","","","","","","","","","","","","","","","","","","","","","","","","","","","","","","","","","","","","","","","","","","","",
"Cayman Islands","CYM","Poverty headcount ratio at $2.15 a day (2017 PPP) (% of population)","SI.POV.DDAY","","","","","","","","","","","","","","","","","","","","","","","","","","","","","","","","","","","","","","","","","","","","","","","","","","","","","","","","","","","","","","","","",
"Cyprus","CYP","Poverty headcount ratio at $2.15 a day (2017 PPP) (% of population)","SI.POV.DDAY","","","","","","","","","","","","","","","","","","","","","","","","","","","","","","","","","","","","","","","","","","","","","0.1","0","0","0","0","0.1","0","0","0","0.1","0.1","0","0","0","0","0.2","0","0","","",
"Czechia","CZE","Poverty headcount ratio at $2.15 a day (2017 PPP) (% of population)","SI.POV.DDAY","","","","","","","","","","","","","","","","","","","","","","","","","","","","","","","","","0","0","","","0","","","","","","0","","0","0","0.1","0.1","0","0","0","0","0","0","0","0","0","0","0","0","0","0.1","","",
"Germany","DEU","Poverty headcount ratio at $2.15 a day (2017 PPP) (% of population)","SI.POV.DDAY","","","","","","","","","","","","","","","","","","","","","","","","","","","","","","","","0","0","0","0.2","0.2","0","0","0","0","0","0","0","0","0","0","0","0","0","0","0","0","0","0","0","0","0","0.2","0","0.2","0.2","","","",
"Djibouti","DJI","Poverty headcount ratio at $2.15 a day (2017 PPP) (% of population)","SI.POV.DDAY","","","","","","","","","","","","","","","","","","","","","","","","","","","","","","","","","","","","","","","","","","","22.5","","","","","","","","","","19.7","24.9","","","","19.1","","","","","","",
"Dominica","DMA","Poverty headcount ratio at $2.15 a day (2017 PPP) (% of population)","SI.POV.DDAY","","","","","","","","","","","","","","","","","","","","","","","","","","","","","","","","","","","","","","","","","","","","","","","","","","","","","","","","","","","","","","","","",
"Denmark","DNK","Poverty headcount ratio at $2.15 a day (2017 PPP) (% of population)","SI.POV.DDAY","","","","","","","","","","","","","","","","","","","","","","","","","","","","0.5","","","","","0.5","","","0","","","","","0","","","0.3","0.3","0.3","0.1","0","0.1","0.5","0.1","0","0","0.3","0.2","0.2","0.3","0.1","0.2","0.3","0.2","0.2","","",
"Dominican Republic","DOM","Poverty headcount ratio at $2.15 a day (2017 PPP) (% of population)","SI.POV.DDAY","","","","","","","","","","","","","","","","","","","","","","","","","","","7.1","","","17.4","","","7.6","","","","6.5","6.9","","","6.7","5.1","7.6","8.7","11.6","7.4","6.3","6.1","5.4","4.7","3.9","4.1","3.8","3","3.4","2.5","2","1","0.8","0.8","1","0.9","0.8","",
"Algeria","DZA","Poverty headcount ratio at $2.15 a day (2017 PPP) (% of population)","SI.POV.DDAY","","","","","","","","","","","","","","","","","","","","","","","","","","","","","6.4","","","","","","","6.1","","","","","","","","","","","","","","","","0","","","","","","","","","","","","",
"East Asia & Pacific (excluding high income)","EAP","Poverty headcount ratio at $2.15 a day (2017 PPP) (% of population)","SI.POV.DDAY","","","","","","","","","","","","","","","","","","","","","","","","","","","","","","","","","","","","","","","","","","","","","","","","","","","","","","","","","","","","","","","","",
"Early-demographic dividend","EAR","Poverty headcount ratio at $2.15 a day (2017 PPP) (% of population)","SI.POV.DDAY","","","","","","","","","","","","","","","","","","","","","","","","","","","","","","","","","","","","","","","","","","","","","","","","","","","","","","","","","","","","","","","","",
"East Asia & Pacific","EAS","Poverty headcount ratio at $2.15 a day (2017 PPP) (% of population)","SI.POV.DDAY","","","","","","","","","","","","","","","","","","","","","","82.6","80.8","78.3","74","70.3","67.6","63.9","58.7","66.9","65.2","63.9","61.8","59.8","54","49","44.8","44.4","45.5","42.1","39.7","37","32.5","28.5","24.9","20.7","19.9","17.6","16.2","14.5","12.6","9.9","8.3","4.3","3.4","2.3","1.7","1.2","1.2","1","1.1","1.1","1","",
"Europe & Central Asia (excluding high income)","ECA","Poverty headcount ratio at $2.15 a day (2017 PPP) (% of population)","SI.POV.DDAY","","","","","","","","","","","","","","","","","","","","","","","","","","","","","","","","","","","","","","","","","","","","","","","","","","","","","","","","","","","","","","","","",
"Europe & Central Asia","ECS","Poverty headcount ratio at $2.15 a day (2017 PPP) (% of population)","SI.POV.DDAY","","","","","","","","","","","","","","","","","","","","","","","","","","","","","","","3.6","4.2","5.5","6.3","8.1","8.1","8.1","7.5","7.7","10","9.2","8.3","7.4","7.3","5.5","4.7","3.3","2.2","1.4","1.2","1.2","0.9","0.9","0.7","1","0.8","0.7","0.7","0.4","0.5","0.5","0.5","0.5","",
"Ecuador","ECU","Poverty headcount ratio at $2.15 a day (2017 PPP) (% of population)","SI.POV.DDAY","","","","","","","","","","","","","","","","","","","","","","","","","","","","17.6","","","","","","","17.1","13.8","","","15.7","21.8","28.2","","","14.8","15.1","11.8","8.2","8.5","7.5","7.3","5.7","4.7","4.5","3.2","2.6","3.4","3.6","3.2","3.3","3.6","6.5","3.6","3.2","3.8",
"Egypt, Arab Rep.","EGY","Poverty headcount ratio at $2.15 a day (2017 PPP) (% of population)","SI.POV.DDAY","","","","","","","","","","","","","","","","","","","","","","","","","","","","","","","5.2","","","","","2","","","","0","","","","","3.1","","","","2.9","","1","","0.9","","","0.9","","2.5","","1.5","","","","",
"Euro area","EMU","Poverty headcount ratio at $2.15 a day (2017 PPP) (% of population)","SI.POV.DDAY","","","","","","","","","","","","","","","","","","","","","","","","","","","","","","","","","","","","","","","","","","","","","","","","","","","","","","","","","","","","","","","","",
"Eritrea","ERI","Poverty headcount ratio at $2.15 a day (2017 PPP) (% of population)","SI.POV.DDAY","","","","","","","","","","","","","","","","","","","","","","","","","","","","","","","","","","","","","","","","","","","","","","","","","","","","","","","","","","","","","","","","",
"Spain","ESP","Poverty headcount ratio at $2.15 a day (2017 PPP) (% of population)","SI.POV.DDAY","","","","","","","","","","","","","","","","","","","","","0.5","","","","","0.2","","","","","0.5","","","1.2","1","1.5","1.5","1","1","0.7","0.7","","","0.8","0.8","0.7","0.8","0.4","0.5","0.8","0.7","1.1","0.9","1.1","0.8","0.9","1.1","0.7","0.8","0.8","0.9","0.6","","",
"Estonia","EST","Poverty headcount ratio at $2.15 a day (2017 PPP) (% of population)","SI.POV.DDAY","","","","","","","","","","","","","","","","","","","","","","","","","","","","","","","","","","","","","","","","","","","","2.5","1.1","0.8","0.8","0.4","0.4","0.6","0.8","1","0.7","0.9","0.8","0.6","0.5","0.3","0.2","0.6","0.3","0.3","","",
"Ethiopia","ETH","Poverty headcount ratio at $2.15 a day (2017 PPP) (% of population)","SI.POV.DDAY","","","","","","","","","","","","","","","","","","","","","","","","","","","","","","","","","","","","69.2","","","","58","","","","","34.6","","","","","","30.8","","","","","27","","","","","","","","",
"European Union","EUU","Poverty headcount ratio at $2.15 a day (2017 PPP) (% of population)","SI.POV.DDAY","","","","","","","","","","","","","","","","","","","","","","","","","","","","","","","","","","","","","","","","","","","","","","","","","","","","","","","","","","","","","","","","",
"Fragile and conflict affected situations","FCS","Poverty headcount ratio at $2.15 a day (2017 PPP) (% of population)","SI.POV.DDAY","","","","","","","","","","","","","","","","","","","","","","","","","","","","","","","","","","49","50","50.4","49.8","49.1","48.5","48.4","","44.8","44.2","42.8","39.8","38.1","36.9","35.4","34.3","33.6","32","31.4","30.8","30.1","29.5","31.1","31.4","31.1","30.9","","","","","",
"Finland","FIN","Poverty headcount ratio at $2.15 a day (2017 PPP) (% of population)","SI.POV.DDAY","","","","","","","","","","","","","","","","","","","","","","","","","","","","0","","","","0","","","","0","","","","","0","","","0","0","0.1","0.1","0.1","0.1","0.1","0.1","0","0.1","0.1","0.1","0.1","0","0.1","0.1","0","0","0","","",
"Fiji","FJI","Poverty headcount ratio at $2.15 a day (2017 PPP) (% of population)","SI.POV.DDAY","","","","","","","","","","","","","","","","","","","","","","","","","","","","","","","","","","","","","","","","","","","1.7","","","","","","1","","","","","0.4","","","","","","1.3","","","","",
"France","FRA","Poverty headcount ratio at $2.15 a day (2017 PPP) (% of population)","SI.POV.DDAY","","","","","","","","","","","0","","","","","0.2","","","","0.2","","","","","0.5","","","","","","0.2","","","","","","0.2","0.2","0","0","0","0","0","0.2","0","0","0","0","0","0","0.1","0","0.1","0.1","0","0.1","0.1","0","0","0.1","0.1","0.1","","",
"Faroe Islands","FRO","Poverty headcount ratio at $2.15 a day (2017 PPP) (% of population)","SI.POV.DDAY","","","","","","","","","","","","","","","","","","","","","","","","","","","","","","","","","","","","","","","","","","","","","","","","","","","","","","","","","","","","","","","","",
"Micronesia, Fed. Sts.","FSM","Poverty headcount ratio at $2.15 a day (2017 PPP) (% of population)","SI.POV.DDAY","","","","","","","","","","","","","","","","","","","","","","","","","","","","","","","","","","","","","","","","","","","","","","8.6","","","","","","","","16","","","","","","","","","","",
"Gabon","GAB","Poverty headcount ratio at $2.15 a day (2017 PPP) (% of population)","SI.POV.DDAY","","","","","","","","","","","","","","","","","","","","","","","","","","","","","","","","","","","","","","","","","","","","","","5.5","","","","","","","","","","","","2.5","","","","","","",
"United Kingdom","GBR","Poverty headcount ratio at $2.15 a day (2017 PPP) (% of population)","SI.POV.DDAY","","","","","","","","","0.2","0.2","0","0","0.2","0","0.2","0.2","0","0.2","0","0","0","0","0","0","0","0.2","0.2","0","0","0.2","0","0","0.2","0.2","0.2","0.2","0.2","0.2","0.2","0.2","0.2","0.2","0.2","0.2","0.2","0.2","0.2","0.2","0.2","0.2","0.2","0.2","0.2","0.2","0.2","0.2","0.2","0.2","0.5","0.5","0.5","0.2","","",
"Georgia","GEO","Poverty headcount ratio at $2.15 a day (2017 PPP) (% of population)","SI.POV.DDAY","","","","","","","","","","","","","","","","","","","","","","","","","","","","","","","","","","","","","6.8","18.8","17","21.8","22.9","23","12.7","12.9","12.4","12.9","12.6","14.2","12.4","12.1","14.4","13.4","10.7","8.1","6.1","4.9","4.9","6.2","5.6","4.8","5.8","5.5","4.3","",
"Ghana","GHA","Poverty headcount ratio at $2.15 a day (2017 PPP) (% of population)","SI.POV.DDAY","","","","","","","","","","","","","","","","","","","","","","","","","","","","58.4","57.7","","","64.2","","","","","","","55","","","","","","","42.5","","","","","","","25.7","","","","25.2","","","","","","","",
"Gibraltar","GIB","Poverty headcount ratio at $2.15 a day (2017 PPP) (% of population)","SI.POV.DDAY","","","","","","","","","","","","","","","","","","","","","","","","","","","","","","","","","","","","","","","","","","","","","","","","","","","","","","","","","","","","","","","","",
"Guinea","GIN","Poverty headcount ratio at $2.15 a day (2017 PPP) (% of population)","SI.POV.DDAY","","","","","","","","","","","","","","","","","","","","","","","","","","","","","","","","88","","","41.2","","","","","","","","53.3","","","","","48.1","","","","","24.5","","","","","","13.8","","","","","",
"Gambia, The","GMB","Poverty headcount ratio at $2.15 a day (2017 PPP) (% of population)","SI.POV.DDAY","","","","","","","","","","","","","","","","","","","","","","","","","","","","","","","","","","","","","","","74.1","","","","","50.7","","","","","","","29.8","","","","","13.4","","","","","17.2","","","",
"Guinea-Bissau","GNB","Poverty headcount ratio at $2.15 a day (2017 PPP) (% of population)","SI.POV.DDAY","","","","","","","","","","","","","","","","","","","","","","","","","","","","","","","","42.4","","42.2","","","","","","","","","53.2","","","","","","","","66.7","","","","","","","","21.7","","","26","","",
"Equatorial Guinea","GNQ","Poverty headcount ratio at $2.15 a day (2017 PPP) (% of population)","SI.POV.DDAY","","","","","","","","","","","","","","","","","","","","","","","","","","","","","","","","","","","","","","","","","","","","","","","","","","","","","","","","","","","","","","","","",
"Greece","GRC","Poverty headcount ratio at $2.15 a day (2017 PPP) (% of population)","SI.POV.DDAY","","","","","","","","","","","","","","","","","","","","","","","","","","","","","","","","","","","","1.7","","","","","0.5","","","0.5","0.6","0.3","0.6","0.5","0.3","0.6","1","1.1","1.5","1","1.5","1.4","1","0.9","0.1","0.7","0.8","0.6","","",
"Grenada","GRD","Poverty headcount ratio at $2.15 a day (2017 PPP) (% of population)","SI.POV.DDAY","","","","","","","","","","","","","","","","","","","","","","","","","","","","","","","","","","","","","","","","","","","","","","","","","","","","","","","","","","","0.3","","","","","",
"Greenland","GRL","Poverty headcount ratio at $2.15 a day (2017 PPP) (% of population)","SI.POV.DDAY","","","","","","","","","","","","","","","","","","","","","","","","","","","","","","","","","","","","","","","","","","","","","","","","","","","","","","","","","","","","","","","","",
"Guatemala","GTM","Poverty headcount ratio at $2.15 a day (2017 PPP) (% of population)","SI.POV.DDAY","","","","","","","","","","","","","","","","","","","","","","","","","","","49.7","","","37","","","","","","","","","14.7","","9.6","","","","","","11.7","","","","","","","","9.5","","","","","","","","","",
"Guam","GUM","Poverty headcount ratio at $2.15 a day (2017 PPP) (% of population)","SI.POV.DDAY","","","","","","","","","","","","","","","","","","","","","","","","","","","","","","","","","","","","","","","","","","","","","","","","","","","","","","","","","","","","","","","","",
"Guyana","GUY","Poverty headcount ratio at $2.15 a day (2017 PPP) (% of population)","SI.POV.DDAY","","","","","","","","","","","","","","","","","","","","","","","","","","","","","","","","","29.4","","","","","","11.9","","","","","","","","","","","","","","","","","","","","","","","","","",
"High income","HIC","Poverty headcount ratio at $2.15 a day (2017 PPP) (% of population)","SI.POV.DDAY","","","","","","","","","","","","","","","","","","","","","","","0.8","0.8","0.8","0.8","0.7","0.7","0.7","0.6","0.7","0.7","0.9","1.1","1.4","1.2","1.3","0.8","0.9","1.2","1","0.8","0.7","0.7","0.7","0.6","0.6","0.5","0.5","0.5","0.5","0.5","0.5","0.5","0.7","0.7","0.6","0.6","0.5","0.5","0.3","0.3","0.5","",
"Hong Kong SAR, China","HKG","Poverty headcount ratio at $2.15 a day (2017 PPP) (% of population)","SI.POV.DDAY","","","","","","","","","","","","","","","","","","","","","","","","","","","","","","","","","","","","","","","","","","","","","","","","","","","","","","","","","","","","","","","","",
"Honduras","HND","Poverty headcount ratio at $2.15 a day (2017 PPP) (% of population)","SI.POV.DDAY","","","","","","","","","","","","","","","","","","","","","","","","","","","","","","40","42","30.8","27","21.4","24.3","26.2","28.6","19.6","24.5","24.9","","19.8","22","26.5","25.4","25.1","21.1","15.6","15.2","12.3","13.8","14.3","17","14.6","13.3","13","14.6","13.9","14.2","12.7","","","","",
"Heavily indebted poor countries (HIPC)","HPC","Poverty headcount ratio at $2.15 a day (2017 PPP) (% of population)","SI.POV.DDAY","","","","","","","","","","","","","","","","","","","","","","","","","","","","","","","","","","","","","","","","","","","","","","","","","","","","","","","","","","","","","","","","",
"Croatia","HRV","Poverty headcount ratio at $2.15 a day (2017 PPP) (% of population)","SI.POV.DDAY","","","","","","","","","","","","","","","","","","","","","","","","","","","","","","","","","","","","","","","","","","","","","","","","","","0.9","1.2","0.6","0.8","0.7","1","0.6","0.6","0.5","0.4","0.3","0.3","0.3","","",
"Haiti","HTI","Poverty headcount ratio at $2.15 a day (2017 PPP) (% of population)","SI.POV.DDAY","","","","","","","","","","","","","","","","","","","","","","","","","","","","","","","","","","","","","","","","","","","","","","","","","","","","","29.2","","","","","","","","","","","",
"Hungary","HUN","Poverty headcount ratio at $2.15 a day (2017 PPP) (% of population)","SI.POV.DDAY","","","","","","","","","","","","","","","","","","","","","","","","","","","","","","","","","","","","","","","","","","","","","0.1","0.7","0.1","0.1","0","0.1","0.1","0.1","0.3","0.2","0.7","0.6","1.3","0.6","0.2","0.3","0.4","0.4","","",
"IBRD only","IBD","Poverty headcount ratio at $2.15 a day (2017 PPP) (% of population)","SI.POV.DDAY","","","","","","","","","","","","","","","","","","","","","","","","","","","","","","","","","","","","","","","","","","","","","","","","","","","","","","","","","","","","","","","","",
"IDA & IBRD total","IBT","Poverty headcount ratio at $2.15 a day (2017 PPP) (% of population)","SI.POV.DDAY","","","","","","","","","","","","","","","","","","","","","","","","","","","","","","","","","","","","","","","","","","","","","","","","","","","","","","","","","","","","","","","","",
"IDA total","IDA","Poverty headcount ratio at $2.15 a day (2017 PPP) (% of population)","SI.POV.DDAY","","","","","","","","","","","","","","","","","","","","","","","","","","","","","","54.1","54.4","53.4","52.1","52.5","51.2","50.6","49.1","48.5","48.6","48.7","48.4","47.6","46.8","44.8","41.3","39.2","37.4","35.4","33.6","32.6","31.2","30.1","29.2","28.5","27.8","27.8","27.6","27","26.4","26.2","","","","",
"IDA blend","IDB","Poverty headcount ratio at $2.15 a day (2017 PPP) (% of population)","SI.POV.DDAY","","","","","","","","","","","","","","","","","","","","","","","","","","","","","","","","","","","","","","","","","","","","","","","","","","","","","","","","","","","","","","","","",
"Indonesia","IDN","Poverty headcount ratio at $2.15 a day (2017 PPP) (% of population)","SI.POV.DDAY","","","","","","","","","","","","","","","","","","","","","","","","","74.3","","","74.6","","","61.8","","","61.2","","","49.3","","68.3","44","43.8","40.3","23.5","22.8","24.2","20.1","26.2","21.6","19.2","18.8","16.5","14.1","10.6","10.8","9.7","8.5","6.7","4.3","4.4","3.4","2.8","2.9","2.2","1.8",
"IDA only","IDX","Poverty headcount ratio at $2.15 a day (2017 PPP) (% of population)","SI.POV.DDAY","","","","","","","","","","","","","","","","","","","","","","","","","","","","","","","","","","","","","","","","","","","","","","","","","","","","","","","","","","","","","","","","",
"Isle of Man","IMN","Poverty headcount ratio at $2.15 a day (2017 PPP) (% of population)","SI.POV.DDAY","","","","","","","","","","","","","","","","","","","","","","","","","","","","","","","","","","","","","","","","","","","","","","","","","","","","","","","","","","","","","","","","",
"India","IND","Poverty headcount ratio at $2.15 a day (2017 PPP) (% of population)","SI.POV.DDAY","","","","","","","","","","","","","","","","","","63.5","","","","","","56.7","","","","50.9","","","","","","48","","","","","","","","","","","40.6","","","","","33.5","","22.9","","","","18.8","18.1","13.4","11.1","13.2","15.5","12.9","","",
"Not classified","INX","Poverty headcount ratio at $2.15 a day (2017 PPP) (% of population)","SI.POV.DDAY","","","","","","","","","","","","","","","","","","","","","","","","","","","","","","","","","","","","","","","","","","","","","","","","","","","","","","","","","","","","","","","","",
"Ireland","IRL","Poverty headcount ratio at $2.15 a day (2017 PPP) (% of population)","SI.POV.DDAY","","","","","","","","","","","","","","","","","","","","","","","","","","","","0.7","","","","","","","0.2","0.2","0.2","","","","0.2","","0.2","0.1","0.1","0","0.4","0.1","0.2","0.5","0.5","0.5","0.3","0.7","0.4","0.4","0.1","0.2","0","0.1","0.1","0.1","","",
"Iran, Islamic Rep.","IRN","Poverty headcount ratio at $2.15 a day (2017 PPP) (% of population)","SI.POV.DDAY","","","","","","","","","","","","","","","","","","","","","","","","","","","9.2","","","","8.8","","","","4.2","","","","4.3","","","","","","","1","0.8","","","1.5","","0.5","0.3","0.3","0.6","0.4","0.4","0.3","0.7","0.7","0.8","0.7","0.5","",
"Iraq","IRQ","Poverty headcount ratio at $2.15 a day (2017 PPP) (% of population)","SI.POV.DDAY","","","","","","","","","","","","","","","","","","","","","","","","","","","","","","","","","","","","","","","","","","","","","","","0","","","","","","0.1","","","","","","","","","","","",
"Iceland","ISL","Poverty headcount ratio at $2.15 a day (2017 PPP) (% of population)","SI.POV.DDAY","","","","","","","","","","","","","","","","","","","","","","","","","","","","","","","","","","","","","","","","","","","","0","0.2","0","0.1","0.1","0.1","0.1","0.1","0.1","0","0","0","0","0","0","","","","","","",
"Israel","ISR","Poverty headcount ratio at $2.15 a day (2017 PPP) (% of population)","SI.POV.DDAY","","","","","","","","","","","","","","","","","","","","0","","","","","","","0.2","","","","","","0.2","","","","","0.2","","","","0.2","0.5","0.5","0.5","0.5","0.2","0.5","0.5","0.5","0.5","0.2","0.5","0.5","0.5","0.5","0.2","0.5","0.5","0.7","0.4","0.2","","",
"Italy","ITA","Poverty headcount ratio at $2.15 a day (2017 PPP) (% of population)","SI.POV.DDAY","","","","","","","","","","","","","","","","","","0.2","0.5","0.5","0.2","0","0","0.2","0","","0.2","1","","0","","0.2","","1.2","","0.7","","","1.7","","1.2","","1.5","0.8","0.6","0.6","0.7","0.7","0.7","0.9","1.3","1.2","1.2","1.4","1.2","1.9","1.6","1.4","1.5","1","0.8","0.8","","",
"Jamaica","JAM","Poverty headcount ratio at $2.15 a day (2017 PPP) (% of population)","SI.POV.DDAY","","","","","","","","","","","","","","","","","","","","","","","","","","","","","4.6","","2.9","","","8.1","","","2.6","","","2.3","","","2.1","","1.2","","","","","","","","","","","","","","0.1","","","0.3","","",
"Jordan","JOR","Poverty headcount ratio at $2.15 a day (2017 PPP) (% of population)","SI.POV.DDAY","","","","","","","","","","","","","","","","","","","","","","","","","","","0","","","","","","0","","","","","0","","","","","0.2","","","","0.1","","0","","0","","","","","","","","","","","","","",
"Japan","JPN","Poverty headcount ratio at $2.15 a day (2017 PPP) (% of population)","SI.POV.DDAY","","","","","","","","","","","","","","","","","","","","","","","","","","","","","","","","","","","","","","","","","","","","","","","","","0.5","","0","","","0.7","","","","","","","","","","",
"Kazakhstan","KAZ","Poverty headcount ratio at $2.15 a day (2017 PPP) (% of population)","SI.POV.DDAY","","","","","","","","","","","","","","","","","","","","","","","","","","","","","","","","","","","","","7.9","","","","","12.8","8.9","6.2","3.3","8.7","1","0.4","0.2","0.2","0.2","0.1","0","0","0","0","0.1","0","0","0","0","0","","",
"Kenya","KEN","Poverty headcount ratio at $2.15 a day (2017 PPP) (% of population)","SI.POV.DDAY","","","","","","","","","","","","","","","","","","","","","","","","","","","","","","","","","26.4","","25.9","","","25.4","","","","","","","","36.7","","","","","","","","","","29.4","","","","","35","36.1","","",
"Kyrgyz Republic","KGZ","Poverty headcount ratio at $2.15 a day (2017 PPP) (% of population)","SI.POV.DDAY","","","","","","","","","","","","","","","","","","","","","","","","","","","","","","","","","","","","","","","","","38.2","33.4","31.1","25.7","11.6","13.6","8.4","8.8","3.3","1.5","3.5","1.3","2.6","2.6","1","2.2","1.1","1.3","0.7","0.7","1.3","0.7","0.3","",
"Cambodia","KHM","Poverty headcount ratio at $2.15 a day (2017 PPP) (% of population)","SI.POV.DDAY","","","","","","","","","","","","","","","","","","","","","","","","","","","","","","","","","","","","","","","","","","","","","","","","","","","","","","","","","","","","","","","","",
"Kiribati","KIR","Poverty headcount ratio at $2.15 a day (2017 PPP) (% of population)","SI.POV.DDAY","","","","","","","","","","","","","","","","","","","","","","","","","","","","","","","","","","","","","","","","","","","","","","","14","","","","","","","","","","","","","1.7","","","","",
"St. Kitts and Nevis","KNA","Poverty headcount ratio at $2.15 a day (2017 PPP) (% of population)","SI.POV.DDAY","","","","","","","","","","","","","","","","","","","","","","","","","","","","","","","","","","","","","","","","","","","","","","","","","","","","","","","","","","","","","","","","",
"Korea, Rep.","KOR","Poverty headcount ratio at $2.15 a day (2017 PPP) (% of population)","SI.POV.DDAY","","","","","","","","","","","","","","","","","","","","","","","","","","","","","","","","","","","","","","","","","","","","","","","0.2","","0.2","","0.5","","0.2","","0.2","","0.2","0.2","0.2","0","0","0","","",
"Kuwait","KWT","Poverty headcount ratio at $2.15 a day (2017 PPP) (% of population)","SI.POV.DDAY","","","","","","","","","","","","","","","","","","","","","","","","","","","","","","","","","","","","","","","","","","","","","","","","","","","","","","","","","","","","","","","","",
"Latin America & Caribbean (excluding high income)","LAC","Poverty headcount ratio at $2.15 a day (2017 PPP) (% of population)","SI.POV.DDAY","","","","","","","","","","","","","","","","","","","","","","","","","","","","","","","","","","","","","","","","","","","","","","","","","","","","","","","","","","","","","","","","",
"Lao PDR","LAO","Poverty headcount ratio at $2.15 a day (2017 PPP) (% of population)","SI.POV.DDAY","","","","","","","","","","","","","","","","","","","","","","","","","","","","","","","","","23.7","","","","","43.2","","","","","25.4","","","","","19.5","","","","","10.9","","","","","","7.1","","","","","",
"Lebanon","LBN","Poverty headcount ratio at $2.15 a day (2017 PPP) (% of population)","SI.POV.DDAY","","","","","","","","","","","","","","","","","","","","","","","","","","","","","","","","","","","","","","","","","","","","","","","","","","","","0","","","","","","","","","","","","",
"Liberia","LBR","Poverty headcount ratio at $2.15 a day (2017 PPP) (% of population)","SI.POV.DDAY","","","","","","","","","","","","","","","","","","","","","","","","","","","","","","","","","","","","","","","","","","","","","","","","53.3","","","","","","","25.9","","27.6","","","","","","","",
"Libya","LBY","Poverty headcount ratio at $2.15 a day (2017 PPP) (% of population)","SI.POV.DDAY","","","","","","","","","","","","","","","","","","","","","","","","","","","","","","","","","","","","","","","","","","","","","","","","","","","","","","","","","","","","","","","","",
"St. Lucia","LCA","Poverty headcount ratio at $2.15 a day (2017 PPP) (% of population)","SI.POV.DDAY","","","","","","","","","","","","","","","","","","","","","","","","","","","","","","","","","","","","","","","","","","","","","","","","","","","","","","","","0.1","","","","","","","","",
"Latin America & Caribbean","LCN","Poverty headcount ratio at $2.15 a day (2017 PPP) (% of population)","SI.POV.DDAY","","","","","","","","","","","","","","","","","","","","","","15.4","16.1","18.9","18.5","17.1","12.3","15","15.6","15.1","16.3","15.8","15.7","15.6","14.4","14","15.3","15.1","14.9","15.1","13.8","13.5","12.6","12.3","11.3","10.7","8.9","7.7","7","6.7","5.9","5.5","5.1","4.6","4.3","4.1","4.3","4.3","4.2","4.2","3.8","4.5","3.5","",
"Least developed countries: UN classification","LDC","Poverty headcount ratio at $2.15 a day (2017 PPP) (% of population)","SI.POV.DDAY","","","","","","","","","","","","","","","","","","","","","","","","","","","","","","","","","","","","","","","","","","","","","","","","","","","","","","","","","","","","","","","","",
"Low income","LIC","Poverty headcount ratio at $2.15 a day (2017 PPP) (% of population)","SI.POV.DDAY","","","","","","","","","","","","","","","","","","","","","","","","","","","","","","","","","","","","64.2","63.1","62.2","61.6","60.7","59.9","58.5","59.3","57.8","54.1","52.3","51.2","50.1","48.4","48.5","46.6","45.6","44.5","43.9","43.4","44.6","44.8","44.5","","","","","","",
"Liechtenstein","LIE","Poverty headcount ratio at $2.15 a day (2017 PPP) (% of population)","SI.POV.DDAY","","","","","","","","","","","","","","","","","","","","","","","","","","","","","","","","","","","","","","","","","","","","","","","","","","","","","","","","","","","","","","","","",
"Sri Lanka","LKA","Poverty headcount ratio at $2.15 a day (2017 PPP) (% of population)","SI.POV.DDAY","","","","","","","","","","","","","","","","","","","","","","","","","","17.2","","","","","11.6","","","","","11.8","","","","","","","11","","","","5.6","","","3.5","","","2.6","","","","1.3","","","1","","","","",
"Lower middle income","LMC","Poverty headcount ratio at $2.15 a day (2017 PPP) (% of population)","SI.POV.DDAY","","","","","","","","","","","","","","","","","","","","","","53.2","52.4","50.9","50.1","49.2","48.5","48.3","47.3","46.9","46.5","45.7","44.5","44.2","43","42.2","40.8","","","","","","38.5","37","35.1","33.4","31.7","29.8","28.5","27","23.8","21.2","19.8","19","18","17.1","16.5","14.3","12.6","12.9","14.8","13.8","12.6","",
"Low & middle income","LMY","Poverty headcount ratio at $2.15 a day (2017 PPP) (% of population)","SI.POV.DDAY","","","","","","","","","","","","","","","","","","","","","","58.4","57.4","56.1","54","52","50","48.7","46.3","49.4","48.8","48","46.9","46.1","43.4","41.2","39.2","38.9","39.2","37.9","36.7","35.5","33.5","31.4","29","26.6","25.4","23.8","22.7","21.5","19.3","17.1","15.9","14.1","13.4","12.8","12.4","11.3","10.5","10.7","11.7","11.4","10.8","",
"Lesotho","LSO","Poverty headcount ratio at $2.15 a day (2017 PPP) (% of population)","SI.POV.DDAY","","","","","","","","","","","","","","","","","","","","","","","","","","","54","","","","","","","","53.7","","","","","","","","66.3","","","","","","","","","","","","","","","32.4","","","","","","",
"Late-demographic dividend","LTE","Poverty headcount ratio at $2.15 a day (2017 PPP) (% of population)","SI.POV.DDAY","","","","","","","","","","","","","","","","","","","","","","","","","","","","","","","","","","","","","","","","","","","","","","","","","","","","","","","","","","","","","","","","",
"Lithuania","LTU","Poverty headcount ratio at $2.15 a day (2017 PPP) (% of population)","SI.POV.DDAY","","","","","","","","","","","","","","","","","","","","","","","","","","","","","","","","","","","","","","","","","","","","","2.7","1.8","1.5","1.3","1.4","2.2","1.5","0.7","0.9","0.7","1.3","0.7","1.3","1","0.9","0.5","0.2","0.3","","",
"Luxembourg","LUX","Poverty headcount ratio at $2.15 a day (2017 PPP) (% of population)","SI.POV.DDAY","","","","","","","","","","","","","","","","","","","","","","","","","","0","0","0","0","0","0","0","0","0","0","0","0","0","0","0","0","0","0","0.1","0","0","0","0","0","0","0","0.1","0","0.1","0.1","0.3","0.1","0.3","0.3","0.1","0","0.1","","",
"Latvia","LVA","Poverty headcount ratio at $2.15 a day (2017 PPP) (% of population)","SI.POV.DDAY","","","","","","","","","","","","","","","","","","","","","","","","","","","","","","","","","","","","","","","","","","","","","2.5","2.4","1.6","0.6","1.3","1.7","1.7","1","1.1","1.2","0.8","0.7","0.6","0.8","0.4","0.2","0.5","0.4","","",
"Macao SAR, China","MAC","Poverty headcount ratio at $2.15 a day (2017 PPP) (% of population)","SI.POV.DDAY","","","","","","","","","","","","","","","","","","","","","","","","","","","","","","","","","","","","","","","","","","","","","","","","","","","","","","","","","","","","","","","","",
"St. Martin (French part)","MAF","Poverty headcount ratio at $2.15 a day (2017 PPP) (% of population)","SI.POV.DDAY","","","","","","","","","","","","","","","","","","","","","","","","","","","","","","","","","","","","","","","","","","","","","","","","","","","","","","","","","","","","","","","","",
"Morocco","MAR","Poverty headcount ratio at $2.15 a day (2017 PPP) (% of population)","SI.POV.DDAY","","","","","","","","","","","","","","","","","","","","","","","","","13.2","","","","","","4.7","","","","","","","","8.4","","7.9","","","","","","4.2","","","","","","","1.4","","","","","","","","","","",
"Monaco","MCO","Poverty headcount ratio at $2.15 a day (2017 PPP) (% of population)","SI.POV.DDAY","","","","","","","","","","","","","","","","","","","","","","","","","","","","","","","","","","","","","","","","","","","","","","","","","","","","","","","","","","","","","","","","",
"Moldova","MDA","Poverty headcount ratio at $2.15 a day (2017 PPP) (% of population)","SI.POV.DDAY","","","","","","","","","","","","","","","","","","","","","","","","","","","","","","","","","","","","","","13","24","33.5","31.1","23.3","13.6","5.6","6.6","10.9","2","1","1","0.7","0.4","0.2","0.1","0","0","0","0.1","0","0","0","","0","","",
"Madagascar","MDG","Poverty headcount ratio at $2.15 a day (2017 PPP) (% of population)","SI.POV.DDAY","","","","","","","","","","","","","","","","","","","","","48.7","","","","","","","","","","","","","73.3","","","","69.4","","66.9","","71","","","","74.2","","","","","80.2","","80.7","","","","","","","","","","","",
"Maldives","MDV","Poverty headcount ratio at $2.15 a day (2017 PPP) (% of population)","SI.POV.DDAY","","","","","","","","","","","","","","","","","","","","","","","","","","","","","","","","","","","","","","","","","","","6.6","","","","","","","3.8","","","","","","","0","","","0","","","","",
"Middle East & North Africa","MEA","Poverty headcount ratio at $2.15 a day (2017 PPP) (% of population)","SI.POV.DDAY","","","","","","","","","","","","","","","","","","","","","","","","","","7.1","7.3","7.6","7.2","7.1","6.4","6.2","5.4","5.2","4.7","4.7","4","3.6","3.3","3.2","3","3","","2.8","2.7","2.7","2.6","2.5","2.5","2.2","1.9","2","2.2","2.5","2.8","3.7","4.4","4.7","4.7","","","","","",
"Mexico","MEX","Poverty headcount ratio at $2.15 a day (2017 PPP) (% of population)","SI.POV.DDAY","","","","","","","","","","","","","","","","","","","","","","","","","","","","","","8.7","","","7.9","","7.9","","14","","15.2","","10.7","","7.5","","7.2","7.8","5.4","","6","","4.7","","4.2","","4","","2.3","","1.9","","2.1","","1.2","",
"Marshall Islands","MHL","Poverty headcount ratio at $2.15 a day (2017 PPP) (% of population)","SI.POV.DDAY","","","","","","","","","","","","","","","","","","","","","","","","","","","","","","","","","","","","","","","","","","","","","","","","","","","","","","","","","","","","0.9","","","","",
"Middle income","MIC","Poverty headcount ratio at $2.15 a day (2017 PPP) (% of population)","SI.POV.DDAY","","","","","","","","","","","","","","","","","","","","","","","","","","","","","","","","","","","","","","","","","","","","","","","","","","","","","","","","","","","","","","","","",
"North Macedonia","MKD","Poverty headcount ratio at $2.15 a day (2017 PPP) (% of population)","SI.POV.DDAY","","","","","","","","","","","","","","","","","","","","","","","","","","","","","","","","","","","","","","","","","","","","","","","","","","9.8","10.4","9.1","6.9","5.2","4.5","5.5","4.2","4.5","3.4","2.7","","","","",
"Mali","MLI","Poverty headcount ratio at $2.15 a day (2017 PPP) (% of population)","SI.POV.DDAY","","","","","","","","","","","","","","","","","","","","","","","","","","","","","","","","","","","84.5","","","","","","","57.2","","","","","49.7","","","48.2","","","","","","","","","15.2","","","20.8","","",
"Malta","MLT","Poverty headcount ratio at $2.15 a day (2017 PPP) (% of population)","SI.POV.DDAY","","","","","","","","","","","","","","","","","","","","","","","","","","","","","","","","","","","","","","","","","","","","","","","0.5","0.4","0.1","0.4","0.2","0.2","0.1","0","0","0.1","0.1","0.2","0.1","0.3","0.3","","","",
"Myanmar","MMR","Poverty headcount ratio at $2.15 a day (2017 PPP) (% of population)","SI.POV.DDAY","","","","","","","","","","","","","","","","","","","","","","","","","","","","","","","","","","","","","","","","","","","","","","","","","","","","","","","","6.2","","2","","","","","","",
"Middle East & North Africa (excluding high income)","MNA","Poverty headcount ratio at $2.15 a day (2017 PPP) (% of population)","SI.POV.DDAY","","","","","","","","","","","","","","","","","","","","","","","","","","","","","","","","","","","","","","","","","","","","","","","","","","","","","","","","","","","","","","","","",
"Montenegro","MNE","Poverty headcount ratio at $2.15 a day (2017 PPP) (% of population)","SI.POV.DDAY","","","","","","","","","","","","","","","","","","","","","","","","","","","","","","","","","","","","","","","","","","","","","","","","","","","","","3","3","1.6","1.3","2.5","3.3","2.8","2","1.8","2","","",
"Mongolia","MNG","Poverty headcount ratio at $2.15 a day (2017 PPP) (% of population)","SI.POV.DDAY","","","","","","","","","","","","","","","","","","","","","","","","","","","","","","","","","","","","14.8","","","28.4","","","","11.6","","","","","1.7","","","1.1","0.9","0.5","","0.3","","0.7","","0.7","","","","0.2","",
"Northern Mariana Islands","MNP","Poverty headcount ratio at $2.15 a day (2017 PPP) (% of population)","SI.POV.DDAY","","","","","","","","","","","","","","","","","","","","","","","","","","","","","","","","","","","","","","","","","","","","","","","","","","","","","","","","","","","","","","","","",
"Mozambique","MOZ","Poverty headcount ratio at $2.15 a day (2017 PPP) (% of population)","SI.POV.DDAY","","","","","","","","","","","","","","","","","","","","","","","","","","","","","","","","","","","","","82.7","","","","","","80.6","","","","","","70.8","","","","","","64.6","","","","","74.5","","","","",
"Mauritania","MRT","Poverty headcount ratio at $2.15 a day (2017 PPP) (% of population)","SI.POV.DDAY","","","","","","","","","","","","","","","","","","","","","","","","","","","","41.4","","","","","","42.9","","21.8","","","","","21.5","","","","18.1","","","","11.9","","","","","","6.5","","","","","5.4","","","","",
"Mauritius","MUS","Poverty headcount ratio at $2.15 a day (2017 PPP) (% of population)","SI.POV.DDAY","","","","","","","","","","","","","","","","","","","","","","","","","","","","","","","","","","","","","","","","","","","","","","","0.3","","","","","","0.4","","","","","0.1","","","","","","",
"Malawi","MWI","Poverty headcount ratio at $2.15 a day (2017 PPP) (% of population)","SI.POV.DDAY","","","","","","","","","","","","","","","","","","","","","","","","","","","","","","","","","","","","","","58.5","","","","","","","68.9","","","","","","68.4","","","","","","65.7","","","70.1","","","","",
"Malaysia","MYS","Poverty headcount ratio at $2.15 a day (2017 PPP) (% of population)","SI.POV.DDAY","","","","","","","","","","","","","","","","","","","","","","","","","2.7","","","1.7","","0.7","","","1","","","1.4","","0","","","","","","1.6","","","0.8","","0.7","","","0.1","","0","","0","","","0","","","0","","",
"North America","NAC","Poverty headcount ratio at $2.15 a day (2017 PPP) (% of population)","SI.POV.DDAY","","","","","","","","","","","","","","","","","","","","","","","","","","","","","","","","","","","","","","","","","","","","","","","","","","","","","","","","","","","","","","","","",
"Namibia","NAM","Poverty headcount ratio at $2.15 a day (2017 PPP) (% of population)","SI.POV.DDAY","","","","","","","","","","","","","","","","","","","","","","","","","","","","","","","","","","","","","","","","","","","","35.9","","","","","","26.9","","","","","","15.6","","","","","","","","",
"New Caledonia","NCL","Poverty headcount ratio at $2.15 a day (2017 PPP) (% of population)","SI.POV.DDAY","","","","","","","","","","","","","","","","","","","","","","","","","","","","","","","","","","","","","","","","","","","","","","","","","","","","","","","","","","","","","","","","",
"Niger","NER","Poverty headcount ratio at $2.15 a day (2017 PPP) (% of population)","SI.POV.DDAY","","","","","","","","","","","","","","","","","","","","","","","","","","","","","","","","","84.4","","85.5","","","","","","","","","","","80.5","","78.9","","","","60.6","","","53.6","","","","50.9","","","50.6","","",
"Nigeria","NGA","Poverty headcount ratio at $2.15 a day (2017 PPP) (% of population)","SI.POV.DDAY","","","","","","","","","","","","","","","","","","","","","","","","","","47.8","","","","","","","52.4","","","","58.4","","","","","","","47.9","","","","","","","34.9","","33.8","","","32.3","","","30.9","","","","","",
"Nicaragua","NIC","Poverty headcount ratio at $2.15 a day (2017 PPP) (% of population)","SI.POV.DDAY","","","","","","","","","","","","","","","","","","","","","","","","","","","","","","","","","","38.3","","","","","25.8","","","17.8","","","","9.1","","","","8.3","","","","","3.9","","","","","","","","","",
"Netherlands","NLD","Poverty headcount ratio at $2.15 a day (2017 PPP) (% of population)","SI.POV.DDAY","","","","","","","","","","","","","","","","","","","","","","","","0.5","","","","0.2","","","1","","","1.2","","","","","","0.2","","","","","0.2","0.1","0","0","0.1","0.1","0","0.1","0.1","0.1","0.1","0.1","0","0.2","0.1","0.1","0","0.1","","",
"Norway","NOR","Poverty headcount ratio at $2.15 a day (2017 PPP) (% of population)","SI.POV.DDAY","","","","","","","","","","","","","","","","","","","","0.2","","","","","","","0.2","","","","","0.5","","","","0.5","","","","","0.2","","","0.2","0.3","0.2","0.1","0.1","0.2","0.1","0.2","0.1","0.1","0.1","0.1","0.2","0.3","0.3","0.3","0.2","","","","",
"Nepal","NPL","Poverty headcount ratio at $2.15 a day (2017 PPP) (% of population)","SI.POV.DDAY","","","","","","","","","","","","","","","","","","","","","","","","","","","","","","","","","","","","55.2","","","","","","","","40.3","","","","","","","8.2","","","","","","","","","","","","0.4","",
"Nauru","NRU","Poverty headcount ratio at $2.15 a day (2017 PPP) (% of population)","SI.POV.DDAY","","","","","","","","","","","","","","","","","","","","","","","","","","","","","","","","","","","","","","","","","","","","","","","","","","","","","1.7","","","","","","","","","","","",
"New Zealand","NZL","Poverty headcount ratio at $2.15 a day (2017 PPP) (% of population)","SI.POV.DDAY","","","","","","","","","","","","","","","","","","","","","","","","","","","","","","","","","","","","","","","","","","","","","","","","","","","","","","","","","","","","","","","","",
"OECD members","OED","Poverty headcount ratio at $2.15 a day (2017 PPP) (% of population)","SI.POV.DDAY","","","","","","","","","","","","","","","","","","","","","","","","","","","","","","","","","","","","","","","","","","","","","","","","","","","","","","","","","","","","","","","","",
"Oman","OMN","Poverty headcount ratio at $2.15 a day (2017 PPP) (% of population)","SI.POV.DDAY","","","","","","","","","","","","","","","","","","","","","","","","","","","","","","","","","","","","","","","","","","","","","","","","","","","","","","","","","","","","","","","","",
"Other small states","OSS","Poverty headcount ratio at $2.15 a day (2017 PPP) (% of population)","SI.POV.DDAY","","","","","","","","","","","","","","","","","","","","","","","","","","","","","","","","","","","","","","","","","","","","","","","","","","","","","","","","","","","","","","","","",
"Pakistan","PAK","Poverty headcount ratio at $2.15 a day (2017 PPP) (% of population)","SI.POV.DDAY","","","","","","","","","","","","","","","","","","","","","","","","","","","","67.3","","","65.1","","","","","","22.3","","29.8","","","33.3","","","20.2","20.3","","14.9","","","9.4","9.6","","7.4","","5.1","","","4.9","","","","","",
"Panama","PAN","Poverty headcount ratio at $2.15 a day (2017 PPP) (% of population)","SI.POV.DDAY","","","","","","","","","","","","","","","","","","","","6.2","","","","","","","","","","22.4","","20.1","","","","15.2","","14.2","14.5","12.3","11.1","14","9.6","9.9","8.7","8.6","9.4","6.7","4.1","2.5","3.4","2.5","3.5","2.2","2.9","1.5","1.5","2.1","1.4","1","","1.1","","1.3",
"Peru","PER","Poverty headcount ratio at $2.15 a day (2017 PPP) (% of population)","SI.POV.DDAY","","","","","","","","","","","","","","","","","","","","","","","","","","","","","","","","","","","","","","19.8","19.4","19.3","19.3","20.3","17.5","14.7","16.3","17.8","15.6","13.2","10.9","8.8","6.8","6.5","6.1","5.4","4.8","4.7","4.6","4.5","3.6","3","5.8","2.8","2.7","",
"Philippines","PHL","Poverty headcount ratio at $2.15 a day (2017 PPP) (% of population)","SI.POV.DDAY","","","","","","","","","","","","","","","","","","","","","","","","","","","","","","","","","","","","","","","","","14.5","","","13.6","","","14.9","","","11.3","","","10.9","","","6.5","","","3","","","3","","",
"Palau","PLW","Poverty headcount ratio at $2.15 a day (2017 PPP) (% of population)","SI.POV.DDAY","","","","","","","","","","","","","","","","","","","","","","","","","","","","","","","","","","","","","","","","","","","","","","","","","","","","","","","","","","","","","","","","",
"Papua New Guinea","PNG","Poverty headcount ratio at $2.15 a day (2017 PPP) (% of population)","SI.POV.DDAY","","","","","","","","","","","","","","","","","","","","","","","","","","","","","","","","","","","","","52.6","","","","","","","","","","","","","39.7","","","","","","","","","","","","","","",
"Poland","POL","Poverty headcount ratio at $2.15 a day (2017 PPP) (% of population)","SI.POV.DDAY","","","","","","","","","","","","","","","","","","","","","","","","","","","","","","","","","","","","","","","","","","","","","2.2","0.9","0.7","0.5","0.2","0.4","0.3","0.3","0.2","0.4","0.4","0.4","0.2","0.3","0.2","0.1","0.1","0.1","","",
"Pre-demographic dividend","PRE","Poverty headcount ratio at $2.15 a day (2017 PPP) (% of population)","SI.POV.DDAY","","","","","","","","","","","","","","","","","","","","","","","","","","","","","","","","","","","","","","","","","","","","","","","","","","","","","","","","","","","","","","","","",
"Puerto Rico","PRI","Poverty headcount ratio at $2.15 a day (2017 PPP) (% of population)","SI.POV.DDAY","","","","","","","","","","","","","","","","","","","","","","","","","","","","","","","","","","","","","","","","","","","","","","","","","","","","","","","","","","","","","","","","",
"Korea, Dem. People's Rep.","PRK","Poverty headcount ratio at $2.15 a day (2017 PPP) (% of population)","SI.POV.DDAY","","","","","","","","","","","","","","","","","","","","","","","","","","","","","","","","","","","","","","","","","","","","","","","","","","","","","","","","","","","","","","","","",
"Portugal","PRT","Poverty headcount ratio at $2.15 a day (2017 PPP) (% of population)","SI.POV.DDAY","","","","","","","","","","","","","","","","","","","","","","","","","","","","","","","","","","","","","","","","","","","","0.9","0.5","0.5","0.1","0.3","0.1","0.2","0.1","0.5","0.7","0.9","0.5","0.5","0.4","0.4","0.3","0.1","0.5","0.2","","",
"Paraguay","PRY","Poverty headcount ratio at $2.15 a day (2017 PPP) (% of population)","SI.POV.DDAY","","","","","","","","","","","","","","","","","","","","","","","","","","","","","","","1.2","","","","","12.4","","10.6","","10.2","","8.9","13.2","8.3","5.7","6.1","7.9","7.8","4.3","5.8","5.5","5","3.3","1.8","2.4","1.9","1.7","1","1.4","1","0.8","0.7","1.3","",
"West Bank and Gaza","PSE","Poverty headcount ratio at $2.15 a day (2017 PPP) (% of population)","SI.POV.DDAY","","","","","","","","","","","","","","","","","","","","","","","","","","","","","","","","","","","","","","","","","","","","","0.6","0.2","0.3","1.4","","0.3","0","0.2","","","","","0.5","","","","","","","",
"Pacific island small states","PSS","Poverty headcount ratio at $2.15 a day (2017 PPP) (% of population)","SI.POV.DDAY","","","","","","","","","","","","","","","","","","","","","","","","","","","","","","","","","","","","","","","","","","","","","","","","","","","","","","","","","","","","","","","","",
"Post-demographic dividend","PST","Poverty headcount ratio at $2.15 a day (2017 PPP) (% of population)","SI.POV.DDAY","","","","","","","","","","","","","","","","","","","","","","","","","","","","","","","","","","","","","","","","","","","","","","","","","","","","","","","","","","","","","","","","",
"French Polynesia","PYF","Poverty headcount ratio at $2.15 a day (2017 PPP) (% of population)","SI.POV.DDAY","","","","","","","","","","","","","","","","","","","","","","","","","","","","","","","","","","","","","","","","","","","","","","","","","","","","","","","","","","","","","","","","",
"Qatar","QAT","Poverty headcount ratio at $2.15 a day (2017 PPP) (% of population)","SI.POV.DDAY","","","","","","","","","","","","","","","","","","","","","","","","","","","","","","","","","","","","","","","","","","","","","","","","","","","","","","","","","","0","","","","","","",
"Romania","ROU","Poverty headcount ratio at $2.15 a day (2017 PPP) (% of population)","SI.POV.DDAY","","","","","","","","","","","","","","","","","","","","","","","","","","","","","","","","","","","","","","","","","","","","","","","7.4","5.3","4.1","3.1","4.2","5.4","6.2","6.6","7","5.3","3.2","3.3","2.7","2.2","1.4","1.8","","",
"Russian Federation","RUS","Poverty headcount ratio at $2.15 a day (2017 PPP) (% of population)","SI.POV.DDAY","","","","","","","","","","","","","","","","","","","","","","","","","","","","","","","","","","","","","","","","","","","","","","","","","","","","","","","0.3","0.3","0.3","0.3","0.1","0.2","0.1","0.2","","",
"Rwanda","RWA","Poverty headcount ratio at $2.15 a day (2017 PPP) (% of population)","SI.POV.DDAY","","","","","","","","","","","","","","","","","","","","","","","","","","","","","","","","","","","","","","","","","75.2","","","","","66.1","","","","","59.2","","","53.7","","","52","","","","","","","",
"South Asia","SAS","Poverty headcount ratio at $2.15 a day (2017 PPP) (% of population)","SI.POV.DDAY","","","","","","","","","","","","","","","","","","","","","","59.8","58.6","56","54.9","53.6","52.6","52.1","50.9","50.5","50","48.5","46.8","46.2","44.6","43.8","42.2","","","","","","40.4","38.9","37.2","35.5","33.8","32.1","30.9","29.5","25.4","21.6","19.8","18.9","17.8","16.6","15.7","12.6","10.1","10.6","13","11.4","9.7","",
"Saudi Arabia","SAU","Poverty headcount ratio at $2.15 a day (2017 PPP) (% of population)","SI.POV.DDAY","","","","","","","","","","","","","","","","","","","","","","","","","","","","","","","","","","","","","","","","","","","","","","","","","","","","","","","","","","","","","","","","",
"Sudan","SDN","Poverty headcount ratio at $2.15 a day (2017 PPP) (% of population)","SI.POV.DDAY","","","","","","","","","","","","","","","","","","","","","","","","","","","","","","","","","","","","","","","","","","","","","","","","","","18.6","","","","","15.3","","","","","","","","","",
"Senegal","SEN","Poverty headcount ratio at $2.15 a day (2017 PPP) (% of population)","SI.POV.DDAY","","","","","","","","","","","","","","","","","","","","","","","","","","","","","","","","70.1","","","60.3","","","","","","","52.4","","","","41.1","","","","","","41","","","","","","","9.2","","","9.9","","",
"Singapore","SGP","Poverty headcount ratio at $2.15 a day (2017 PPP) (% of population)","SI.POV.DDAY","","","","","","","","","","","","","","","","","","","","","","","","","","","","","","","","","","","","","","","","","","","","","","","","","","","","","","","","","","","","","","","","",
"Solomon Islands","SLB","Poverty headcount ratio at $2.15 a day (2017 PPP) (% of population)","SI.POV.DDAY","","","","","","","","","","","","","","","","","","","","","","","","","","","","","","","","","","","","","","","","","","","","","","50.6","","","","","","","26.6","","","","","","","","","","","",
"Sierra Leone","SLE","Poverty headcount ratio at $2.15 a day (2017 PPP) (% of population)","SI.POV.DDAY","","","","","","","","","","","","","","","","","","","","","","","","","","","","","","","","","","","","","","","","","","","","61.3","","","","","","","","38.7","","","","","","","26.1","","","","","",
"El Salvador","SLV","Poverty headcount ratio at $2.15 a day (2017 PPP) (% of population)","SI.POV.DDAY","","","","","","","","","","","","","","","","","","","","","","","","","","","","","","19.4","","22.1","","","","13.3","15.3","","21","17.3","12.9","14.1","14.7","15.8","11.5","11.3","7.7","5.1","7.7","7.4","6.3","5.3","4.6","3.6","3.4","2.3","2.6","2.2","1.8","1.4","","3.6","3.4","",
"San Marino","SMR","Poverty headcount ratio at $2.15 a day (2017 PPP) (% of population)","SI.POV.DDAY","","","","","","","","","","","","","","","","","","","","","","","","","","","","","","","","","","","","","","","","","","","","","","","","","","","","","","","","","","","","","","","","",
"Somalia","SOM","Poverty headcount ratio at $2.15 a day (2017 PPP) (% of population)","SI.POV.DDAY","","","","","","","","","","","","","","","","","","","","","","","","","","","","","","","","","","","","","","","","","","","","","","","","","","","","","","","","","","","","","","","","",
"Serbia","SRB","Poverty headcount ratio at $2.15 a day (2017 PPP) (% of population)","SI.POV.DDAY","","","","","","","","","","","","","","","","","","","","","","","","","","","","","","","","","","","","","","","","","","","","","","","","","","","","","5.3","5.8","6.9","6.6","6.4","5.4","2.9","2.3","1.6","1.2","","",
"Sub-Saharan Africa (excluding high income)","SSA","Poverty headcount ratio at $2.15 a day (2017 PPP) (% of population)","SI.POV.DDAY","","","","","","","","","","","","","","","","","","","","","","","","","","","","","","","","","","","","","","","","","","","","","","","","","","","","","","","","","","","","","","","","",
"South Sudan","SSD","Poverty headcount ratio at $2.15 a day (2017 PPP) (% of population)","SI.POV.DDAY","","","","","","","","","","","","","","","","","","","","","","","","","","","","","","","","","","","","","","","","","","","","","","","","","","34.5","","","","","","","67.3","","","","","","","",
"Sub-Saharan Africa","SSF","Poverty headcount ratio at $2.15 a day (2017 PPP) (% of population)","SI.POV.DDAY","","","","","","","","","","","","","","","","","","","","","","","","","","","","","","","54.6","56.1","57.1","58.2","58.5","58","57.4","57","56.7","56.4","56","55","54.4","53.2","50.4","48.7","47.2","46","44.5","43.9","42.1","41","39.8","38.9","38.1","38.2","38","37.5","36.9","36.7","","","","",
"Small states","SST","Poverty headcount ratio at $2.15 a day (2017 PPP) (% of population)","SI.POV.DDAY","","","","","","","","","","","","","","","","","","","","","","","","","","","","","","","","","","","","","","","","","","","","","","","","","","","","","","","","","","","","","","","","",
"Sao Tome and Principe","STP","Poverty headcount ratio at $2.15 a day (2017 PPP) (% of population)","SI.POV.DDAY","","","","","","","","","","","","","","","","","","","","","","","","","","","","","","","","","","","","","","","","","20.4","","","","","","","","","","22.6","","","","","","","15.7","","","","","","",
"Suriname","SUR","Poverty headcount ratio at $2.15 a day (2017 PPP) (% of population)","SI.POV.DDAY","","","","","","","","","","","","","","","","","","","","","","","","","","","","","","","","","","","","","","","","","","","","","","","","","","","","","","","","","","","","","","","1.1","",
"Slovak Republic","SVK","Poverty headcount ratio at $2.15 a day (2017 PPP) (% of population)","SI.POV.DDAY","","","","","","","","","","","","","","","","","","","","","","","","","","","","","","","","","","","","","","","","","","","","","0.1","0.2","0.2","0.4","0.4","0.4","0.5","0.4","0.4","0.3","0.7","0.7","1.4","0.2","0.2","0.1","0.2","0.1","","",
"Slovenia","SVN","Poverty headcount ratio at $2.15 a day (2017 PPP) (% of population)","SI.POV.DDAY","","","","","","","","","","","","","","","","","","","","","","","","","","","","","","","","","","","","","","","","","","","","","0","0.1","0.1","0","0","0","0","0","0","0","0","0","0","0","0","0","0","0","","",
"Sweden","SWE","Poverty headcount ratio at $2.15 a day (2017 PPP) (% of population)","SI.POV.DDAY","","","","","","","","","","","","","","","","0.5","","","","","","0.2","","","","","","0.2","","","","","0.2","","","0.2","","","","","0","0.2","0","0.3","0.4","1.1","0.4","0.4","0.6","0.5","0.5","0.6","0.5","0.7","0.5","0.6","0.3","0.2","0.7","0.3","0.4","0.6","","",
"Eswatini","SWZ","Poverty headcount ratio at $2.15 a day (2017 PPP) (% of population)","SI.POV.DDAY","","","","","","","","","","","","","","","","","","","","","","","","","","","","","","","","","","","85.4","","","","","","56.1","","","","","","","","","49.3","","","","","","","36.1","","","","","","","",
"Sint Maarten (Dutch part)","SXM","Poverty headcount ratio at $2.15 a day (2017 PPP) (% of population)","SI.POV.DDAY","","","","","","","","","","","","","","","","","","","","","","","","","","","","","","","","","","","","","","","","","","","","","","","","","","","","","","","","","","","","","","","","",
"Seychelles","SYC","Poverty headcount ratio at $2.15 a day (2017 PPP) (% of population)","SI.POV.DDAY","","","","","","","","","","","","","","","","","","","","","","","","","","","","","","","","","","","","","","","","","","","","","","","","","","","","","","1.2","","","","","0.5","","","","","",
"Syrian Arab Republic","SYR","Poverty headcount ratio at $2.15 a day (2017 PPP) (% of population)","SI.POV.DDAY","","","","","","","","","","","","","","","","","","","","","","","","","","","","","","","","","","","","","2.4","","","","","","","1.1","","","1.8","","","1.2","","","","","","","","","","","","","24.8","",
"Turks and Caicos Islands","TCA","Poverty headcount ratio at $2.15 a day (2017 PPP) (% of population)","SI.POV.DDAY","","","","","","","","","","","","","","","","","","","","","","","","","","","","","","","","","","","","","","","","","","","","","","","","","","","","","","","","","","","","","","","","",
"Chad","TCD","Poverty headcount ratio at $2.15 a day (2017 PPP) (% of population)","SI.POV.DDAY","","","","","","","","","","","","","","","","","","","","","","","","","","","","","","","","","","","","","","","","","","","","57.8","","","","","","","","36.6","","","","","","","30.9","","","","30.8","",
"East Asia & Pacific (IDA & IBRD countries)","TEA","Poverty headcount ratio at $2.15 a day (2017 PPP) (% of population)","SI.POV.DDAY","","","","","","","","","","","","","","","","","","","","","","","","","","","","","","","","","","","","","","","","","","","","","","","","","","","","","","","","","","","","","","","","",
"Europe & Central Asia (IDA & IBRD countries)","TEC","Poverty headcount ratio at $2.15 a day (2017 PPP) (% of population)","SI.POV.DDAY","","","","","","","","","","","","","","","","","","","","","","","","","","","","","","","","","","","","","","","","","","","","","","","","","","","","","","","","","","","","","","","","",
"Togo","TGO","Poverty headcount ratio at $2.15 a day (2017 PPP) (% of population)","SI.POV.DDAY","","","","","","","","","","","","","","","","","","","","","","","","","","","","","","","","","","","","","","","","","","","","","","","61","","","","","58.9","","","","54.7","","","28.4","","","26.6","","",
"Thailand","THA","Poverty headcount ratio at $2.15 a day (2017 PPP) (% of population)","SI.POV.DDAY","","","","","","","","","","","","","","","","","","","","","","22.7","","","","","","","17.6","","12.3","","9","","4.5","","3.1","","2.2","4","4","","1.8","","1.2","","0.9","0.5","0.3","0.2","0.3","0.1","0.1","0.1","0.1","0","0","0","0","0.1","0","0","","",
"Tajikistan","TJK","Poverty headcount ratio at $2.15 a day (2017 PPP) (% of population)","SI.POV.DDAY","","","","","","","","","","","","","","","","","","","","","","","","","","","","","","","","","","","","","","","","62","","","","36.7","21.4","","","12.8","","6.8","","","","","","6.1","","","","","","","","",
"Turkmenistan","TKM","Poverty headcount ratio at $2.15 a day (2017 PPP) (% of population)","SI.POV.DDAY","","","","","","","","","","","","","","","","","","","","","","","","","","","","","","","","","","","","","","","43.1","","","","","","","","","","","","","","","","","","","","","","","","","",
"Latin America & the Caribbean (IDA & IBRD countries)","TLA","Poverty headcount ratio at $2.15 a day (2017 PPP) (% of population)","SI.POV.DDAY","","","","","","","","","","","","","","","","","","","","","","","","","","","","","","","","","","","","","","","","","","","","","","","","","","","","","","","","","","","","","","","","",
"Timor-Leste","TLS","Poverty headcount ratio at $2.15 a day (2017 PPP) (% of population)","SI.POV.DDAY","","","","","","","","","","","","","","","","","","","","","","","","","","","","","","","","","","","","","","","","","","40.9","","","","","","40.9","","","","","","","24.4","","","","","","","","","",
"Middle East & North Africa (IDA & IBRD countries)","TMN","Poverty headcount ratio at $2.15 a day (2017 PPP) (% of population)","SI.POV.DDAY","","","","","","","","","","","","","","","","","","","","","","","","","","","","","","","","","","","","","","","","","","","","","","","","","","","","","","","","","","","","","","","","",
"Tonga","TON","Poverty headcount ratio at $2.15 a day (2017 PPP) (% of population)","SI.POV.DDAY","","","","","","","","","","","","","","","","","","","","","","","","","","","","","","","","","","","","","","","","","3.1","","","","","","","","","1.3","","","","","","1.8","","","","","","0","","",
"South Asia (IDA & IBRD)","TSA","Poverty headcount ratio at $2.15 a day (2017 PPP) (% of population)","SI.POV.DDAY","","","","","","","","","","","","","","","","","","","","","","","","","","","","","","","","","","","","","","","","","","","","","","","","","","","","","","","","","","","","","","","","",
"Sub-Saharan Africa (IDA & IBRD countries)","TSS","Poverty headcount ratio at $2.15 a day (2017 PPP) (% of population)","SI.POV.DDAY","","","","","","","","","","","","","","","","","","","","","","","","","","","","","","","","","","","","","","","","","","","","","","","","","","","","","","","","","","","","","","","","",
"Trinidad and Tobago","TTO","Poverty headcount ratio at $2.15 a day (2017 PPP) (% of population)","SI.POV.DDAY","","","","","","","","","","","","","","","","","","","","","","","","","","","","","0","","","","1.3","","","","","","","","","","","","","","","","","","","","","","","","","","","","","","","",
"Tunisia","TUN","Poverty headcount ratio at $2.15 a day (2017 PPP) (% of population)","SI.POV.DDAY","","","","","","","","","","","","","","","","","","","","","","","","","","13","","","","","9.3","","","","","9.8","","","","","4.3","","","","","2.6","","","","","1.5","","","","","0.1","","","","","","0.3","","",
"Turkiye","TUR","Poverty headcount ratio at $2.15 a day (2017 PPP) (% of population)","SI.POV.DDAY","","","","","","","","","","","","","","","","","","","","","","","","","","","","","","","","","","","","","","","","","","","","","","","","","","","","","","","","","","0.3","0.4","0.5","0.5","0.4","","",
"Tuvalu","TUV","Poverty headcount ratio at $2.15 a day (2017 PPP) (% of population)","SI.POV.DDAY","","","","","","","","","","","","","","","","","","","","","","","","","","","","","","","","","","","","","","","","","","","","","","","","","","","3.6","","","","","","","","","","","","","",
"Tanzania","TZA","Poverty headcount ratio at $2.15 a day (2017 PPP) (% of population)","SI.POV.DDAY","","","","","","","","","","","","","","","","","","","","","","","","","","","","","","","","69.3","","","","","","","","","84","","","","","","","56.2","","","","44.7","","","","","","","44.9","","","","","",
"Uganda","UGA","Poverty headcount ratio at $2.15 a day (2017 PPP) (% of population)","SI.POV.DDAY","","","","","","","","","","","","","","","","","","","","","","","","","","","","","","58.7","","","65.1","","","","63.9","","","67.9","","","66","","","57.3","","","","45.9","","","37.5","","","","42.9","","","42.1","","","","",
"Ukraine","UKR","Poverty headcount ratio at $2.15 a day (2017 PPP) (% of population)","SI.POV.DDAY","","","","","","","","","","","","","","","","","","","","","","","","","","","","","","","","","3.9","1.9","","7.9","7.2","","","","","","2.7","1.1","0.9","0.4","0.2","0.1","0","0.1","0","0","0.1","0","0","0.1","0.1","0","0","0","0","","","",
"Upper middle income","UMC","Poverty headcount ratio at $2.15 a day (2017 PPP) (% of population)","SI.POV.DDAY","","","","","","","","","","","","","","","","","","","","","","62.4","61.2","59.8","56.4","53.2","50.1","47.9","44","50.3","49.2","48.2","46.8","45.4","41","37.4","34.7","34.8","35.7","33.3","31.1","29","25.2","22.4","19.6","16.4","15.4","13.8","12.8","11.6","10.2","8","6.7","3.7","3.1","2.3","1.9","1.7","1.6","1.6","1.5","1.6","1.3","",
"Uruguay","URY","Poverty headcount ratio at $2.15 a day (2017 PPP) (% of population)","SI.POV.DDAY","","","","","","","","","","","","","","","","","","","","","","0","","","","","","","","0.7","","","0.6","","","0.5","0.6","0.6","0.6","","0.7","0.5","0.6","0.8","1","0.9","0.6","0.4","0.2","0.3","0.2","0.1","0.2","0.2","0.2","0.1","0.1","0.1","0.1","0.1","0.2","0.1","0.2","",
"United States","USA","Poverty headcount ratio at $2.15 a day (2017 PPP) (% of population)","SI.POV.DDAY","","","","1.2","1.2","1","1","1","0.7","0.5","1","0.7","0.7","0.7","0.7","0.5","0.5","0.5","0.5","0.5","0.5","0.5","0.7","0.5","0.5","0.5","0.5","0.5","0.5","0.5","0.5","0.5","0.5","0.5","0.5","0.5","0.7","0.7","0.7","0.7","0.7","0.7","0.7","1","1","1","1","1","1","1","1","1","1","1","1.2","1.2","1","1.2","1","1","0.2","0.2","1.2","",
"Uzbekistan","UZB","Poverty headcount ratio at $2.15 a day (2017 PPP) (% of population)","SI.POV.DDAY","","","","","","","","","","","","","","","","","","","","","","","","","","","","","","","","","","","","","","","58.8","","81.3","","80.5","81.5","","","","","","","","","","","","","","","","","","","2.3","",
"St. Vincent and the Grenadines","VCT","Poverty headcount ratio at $2.15 a day (2017 PPP) (% of population)","SI.POV.DDAY","","","","","","","","","","","","","","","","","","","","","","","","","","","","","","","","","","","","","","","","","","","","","","","","","","","","","","","","","","","","","","","","",
"Venezuela, RB","VEN","Poverty headcount ratio at $2.15 a day (2017 PPP) (% of population)","SI.POV.DDAY","","","","","","","","","","","","","","","","","","","","","","6.7","","","","","","7","","5.3","","","4.5","","","9.9","","","10.4","11.8","","10.3","16.4","19.7","16.6","14.4","7.1","","","","","","","","","","","","","","","","","",
"British Virgin Islands","VGB","Poverty headcount ratio at $2.15 a day (2017 PPP) (% of population)","SI.POV.DDAY","","","","","","","","","","","","","","","","","","","","","","","","","","","","","","","","","","","","","","","","","","","","","","","","","","","","","","","","","","","","","","","","",
"Virgin Islands (U.S.)","VIR","Poverty headcount ratio at $2.15 a day (2017 PPP) (% of population)","SI.POV.DDAY","","","","","","","","","","","","","","","","","","","","","","","","","","","","","","","","","","","","","","","","","","","","","","","","","","","","","","","","","","","","","","","","",
"Viet Nam","VNM","Poverty headcount ratio at $2.15 a day (2017 PPP) (% of population)","SI.POV.DDAY","","","","","","","","","","","","","","","","","","","","","","","","","","","","","","","","","45.1","","","","","24.4","","","","","29.9","","20.1","","14.9","","11.1","","2.9","","1.7","","1.9","","1.3","","1.2","","0.7","","1","",
"Vanuatu","VUT","Poverty headcount ratio at $2.15 a day (2017 PPP) (% of population)","SI.POV.DDAY","","","","","","","","","","","","","","","","","","","","","","","","","","","","","","","","","","","","","","","","","","","","","","","","","","","14.7","","","","","","","","","10","","","","",
"World","WLD","Poverty headcount ratio at $2.15 a day (2017 PPP) (% of population)","SI.POV.DDAY","","","","","","","","","","","","","","","","","","","","","","44","43.4","42.5","41.1","39.7","38.3","37.5","35.7","38.2","37.9","37.4","36.6","36.1","34.2","32.5","31","30.8","31.1","30.2","29.3","28.3","26.8","25.3","23.3","21.5","20.5","19.2","18.3","17.4","15.7","13.9","12.9","11.5","11","10.5","10.2","9.4","8.7","8.8","9.7","9.5","9","",
"Samoa","WSM","Poverty headcount ratio at $2.15 a day (2017 PPP) (% of population)","SI.POV.DDAY","","","","","","","","","","","","","","","","","","","","","","","","","","","","","","","","","","","","","","","","","","","2.2","","","","","","1.1","","","","","1.2","","","","","","","","","","",
"Kosovo","XKX","Poverty headcount ratio at $2.15 a day (2017 PPP) (% of population)","SI.POV.DDAY","","","","","","","","","","","","","","","","","","","","","","","","","","","","","","","","","","","","","","","","","","","","2.4","","4.2","4.1","","","3.4","2.9","1.9","0.8","0.4","1.1","0.8","0.8","0.4","","","","","","",
"Yemen, Rep.","YEM","Poverty headcount ratio at $2.15 a day (2017 PPP) (% of population)","SI.POV.DDAY","","","","","","","","","","","","","","","","","","","","","","","","","","","","","","","","","","","","","","","8.1","","","","","","","10.5","","","","","","","","","19.8","","","","","","","","","",
"South Africa","ZAF","Poverty headcount ratio at $2.15 a day (2017 PPP) (% of population)","SI.POV.DDAY","","","","","","","","","","","","","","","","","","","","","","","","","","","","","","","","","","33.5","","","","","","","36.8","","","","","28.3","","","18.7","","18","","","","20.5","","","","","","","","","",
"Zambia","ZMB","Poverty headcount ratio at $2.15 a day (2017 PPP) (% of population)","SI.POV.DDAY","","","","","","","","","","","","","","","","","","","","","","","","","","","","","","","","57.4","","59.1","","","46.8","","47.2","","","","56.4","","61.1","","64.7","","","","64.4","","","","","60.8","","","","","","","64.3","",
"Zimbabwe","ZWE","Poverty headcount ratio at $2.15 a day (2017 PPP) (% of population)","SI.POV.DDAY","","","","","","","","","","","","","","","","","","","","","","","","","","","","","","","","","","","","","","","","","","","","","","","","","","","","21.6","","","","","","34.2","","39.8","","","","",
